{
	"block.note_block.splendor_a_1": {
		"sounds": [
			"block/note_block/splendor_a_1"
		],
		"subtitle": "subtitles.block.note_block.note"
	},
	"block.note_block.splendor_a_2": {
		"sounds": [
			"block/note_block/splendor_a_2"
		],
		"subtitle": "subtitles.block.note_block.note"
	},
	"block.note_block.splendor_a_3": {
		"sounds": [
			"block/note_block/splendor_a_3"
		],
		"subtitle": "subtitles.block.note_block.note"
	},
	"block.note_block.splendor_a_4": {
		"sounds": [
			"block/note_block/splendor_a_4"
		],
		"subtitle": "subtitles.block.note_block.note"
	},
	"block.note_block.splendor_a_5": {
		"sounds": [
			"block/note_block/splendor_a_5"
		],
		"subtitle": "subtitles.block.note_block.note"
	},
	"block.note_block.splendor_a_6": {
		"sounds": [
			"block/note_block/splendor_a_6"
		],
		"subtitle": "subtitles.block.note_block.note"
	},
	"block.note_block.splendor_a_7": {
		"sounds": [
			"block/note_block/splendor_a_7"
		],
		"subtitle": "subtitles.block.note_block.note"
	},
	"block.note_block.splendor_r_1": {
		"sounds": [
			"block/note_block/splendor_r_1"
		],
		"subtitle": "subtitles.block.note_block.note"
	},
	"block.note_block.splendor_r_2": {
		"sounds": [
			"block/note_block/splendor_r_2"
		],
		"subtitle": "subtitles.block.note_block.note"
	},
	"block.note_block.splendor_r_3": {
		"sounds": [
			"block/note_block/splendor_r_3"
		],
		"subtitle": "subtitles.block.note_block.note"
	},
	"block.note_block.splendor_r_4": {
		"sounds": [
			"block/note_block/splendor_r_4"
		],
		"subtitle": "subtitles.block.note_block.note"
	},
	"block.note_block.splendor_r_5": {
		"sounds": [
			"block/note_block/splendor_r_5"
		],
		"subtitle": "subtitles.block.note_block.note"
	},
	"block.note_block.splendor_r_6": {
		"sounds": [
			"block/note_block/splendor_r_6"
		],
		"subtitle": "subtitles.block.note_block.note"
	},
	"block.note_block.splendor_r_7": {
		"sounds": [
			"block/note_block/splendor_r_7"
		],
		"subtitle": "subtitles.block.note_block.note"
	}
}