{"block.note_block.ride_cymbal_1":{"sounds":["block\/note_block\/ride_cymbal_1"]},"block.note_block.pedal_hi_hat":{"sounds":["block\/note_block\/pedal_hi_hat"]},"block.note_block.open_hi_hat":{"sounds":["block\/note_block\/open_hi_hat"]},"block.note_block.low_floor_tom":{"sounds":["block\/note_block\/low_floor_tom"]},"block.note_block.hi_mid_tom":{"sounds":["block\/note_block\/hi_mid_tom"]},"block.note_block.high_tom":{"sounds":["block\/note_block\/high_tom"]},"block.note_block.high_floor_tom":{"sounds":["block\/note_block\/high_floor_tom"]},"block.note_block.closed_hi_hat":{"sounds":["block\/note_block\/closed_hi_hat"]},"block.note_block.bass_drum_1":{"sounds":["block\/note_block\/bass_drum_1"]},"block.note_block.crash_cymbal_1":{"sounds":["block\/note_block\/crash_cymbal_1"]},"block.note_block.acoustic_snare":{"sounds":["block\/note_block\/acoustic_snare"]},"block.note_block.noir_sus_01_10":{"sounds":["block\/note_block\/noir_sus_01"]},"block.note_block.titan_rel_12":{"sounds":["block\/note_block\/titan_rel_12"]},"block.note_block.bstr_rel_12":{"sounds":["block\/note_block\/bstr_rel_12"]},"block.note_block.titan_rel_11":{"sounds":["block\/note_block\/titan_rel_11"]},"block.note_block.bstr_rel_11":{"sounds":["block\/note_block\/bstr_rel_11"]},"block.note_block.titan_rel_10":{"sounds":["block\/note_block\/titan_rel_10"]},"block.note_block.bstr_rel_10":{"sounds":["block\/note_block\/bstr_rel_10"]},"block.note_block.noir_sus_01_15":{"sounds":["block\/note_block\/noir_sus_01"]},"block.note_block.titan_rel_13":{"sounds":["block\/note_block\/titan_rel_13"]},"block.note_block.noir_sus_01_12":{"sounds":["block\/note_block\/noir_sus_01"]},"block.note_block.noir_sus_01_11":{"sounds":["block\/note_block\/noir_sus_01"]},"block.note_block.noir_sus_01_14":{"sounds":["block\/note_block\/noir_sus_01"]},"block.note_block.noir_sus_01_13":{"sounds":["block\/note_block\/noir_sus_01"]},"block.note_block.noir_sus_13_10":{"sounds":["block\/note_block\/noir_sus_13"]},"block.note_block.noir_sus_13_11":{"sounds":["block\/note_block\/noir_sus_13"]},"block.note_block.flute_sus_12_7":{"sounds":["block\/note_block\/flute_sus_12"]},"block.note_block.noir_sus_02_6":{"sounds":["block\/note_block\/noir_sus_02"]},"block.note_block.flute_sus_12_6":{"sounds":["block\/note_block\/flute_sus_12"]},"block.note_block.noir_sus_02_5":{"sounds":["block\/note_block\/noir_sus_02"]},"block.note_block.flute_sus_12_5":{"sounds":["block\/note_block\/flute_sus_12"]},"block.note_block.noir_sus_02_4":{"sounds":["block\/note_block\/noir_sus_02"]},"block.note_block.flute_sus_12_4":{"sounds":["block\/note_block\/flute_sus_12"]},"block.note_block.noir_sus_02_3":{"sounds":["block\/note_block\/noir_sus_02"]},"block.note_block.noir_sus_02_2":{"sounds":["block\/note_block\/noir_sus_02"]},"block.note_block.noir_sus_13_12":{"sounds":["block\/note_block\/noir_sus_13"]},"block.note_block.noir_sus_02_1":{"sounds":["block\/note_block\/noir_sus_02"]},"block.note_block.noir_sus_13_13":{"sounds":["block\/note_block\/noir_sus_13"]},"block.note_block.flute_sus_12_9":{"sounds":["block\/note_block\/flute_sus_12"]},"block.note_block.noir_sus_13_14":{"sounds":["block\/note_block\/noir_sus_13"]},"block.note_block.flute_sus_12_8":{"sounds":["block\/note_block\/flute_sus_12"]},"block.note_block.noir_sus_13_15":{"sounds":["block\/note_block\/noir_sus_13"]},"block.note_block.bstr_sus_12_9":{"sounds":["block\/note_block\/bstr_sus_12"]},"block.note_block.bstr_sus_12_7":{"sounds":["block\/note_block\/bstr_sus_12"]},"block.note_block.flute_sus_12_3":{"sounds":["block\/note_block\/flute_sus_12"]},"block.note_block.titan_rel_01":{"sounds":["block\/note_block\/titan_rel_01"]},"block.note_block.bstr_sus_12_8":{"sounds":["block\/note_block\/bstr_sus_12"]},"block.note_block.flute_sus_12_2":{"sounds":["block\/note_block\/flute_sus_12"]},"block.note_block.noir_sus_02_9":{"sounds":["block\/note_block\/noir_sus_02"]},"block.note_block.bstr_sus_12_5":{"sounds":["block\/note_block\/bstr_sus_12"]},"block.note_block.flute_sus_12_1":{"sounds":["block\/note_block\/flute_sus_12"]},"block.note_block.noir_sus_02_8":{"sounds":["block\/note_block\/noir_sus_02"]},"block.note_block.bstr_sus_12_6":{"sounds":["block\/note_block\/bstr_sus_12"]},"block.note_block.noir_sus_02_7":{"sounds":["block\/note_block\/noir_sus_02"]},"block.note_block.bstr_sus_12_3":{"sounds":["block\/note_block\/bstr_sus_12"]},"block.note_block.titan_rel_05":{"sounds":["block\/note_block\/titan_rel_05"]},"block.note_block.bstr_sus_12_4":{"sounds":["block\/note_block\/bstr_sus_12"]},"block.note_block.titan_rel_04":{"sounds":["block\/note_block\/titan_rel_04"]},"block.note_block.bstr_sus_12_1":{"sounds":["block\/note_block\/bstr_sus_12"]},"block.note_block.titan_rel_03":{"sounds":["block\/note_block\/titan_rel_03"]},"block.note_block.bstr_sus_12_2":{"sounds":["block\/note_block\/bstr_sus_12"]},"block.note_block.titan_rel_02":{"sounds":["block\/note_block\/titan_rel_02"]},"block.note_block.titan_rel_09":{"sounds":["block\/note_block\/titan_rel_09"]},"block.note_block.titan_rel_08":{"sounds":["block\/note_block\/titan_rel_08"]},"block.note_block.titan_rel_07":{"sounds":["block\/note_block\/titan_rel_07"]},"block.note_block.titan_rel_06":{"sounds":["block\/note_block\/titan_rel_06"]},"block.note_block.noir_sus_13_1":{"sounds":["block\/note_block\/noir_sus_13"]},"block.note_block.noir_sus_13_2":{"sounds":["block\/note_block\/noir_sus_13"]},"block.note_block.noir_sus_13_3":{"sounds":["block\/note_block\/noir_sus_13"]},"block.note_block.noir_sus_13_4":{"sounds":["block\/note_block\/noir_sus_13"]},"block.note_block.noir_sus_13_5":{"sounds":["block\/note_block\/noir_sus_13"]},"block.note_block.titan_key_01":{"sounds":["block\/note_block\/titan_key_01"]},"block.note_block.noir_sus_13_6":{"sounds":["block\/note_block\/noir_sus_13"]},"block.note_block.bstr_stac_07":{"sounds":["block\/note_block\/bstr_stac_07"]},"block.note_block.bstr_stac_08":{"sounds":["block\/note_block\/bstr_stac_08"]},"block.note_block.bstr_stac_09":{"sounds":["block\/note_block\/bstr_stac_09"]},"block.note_block.bstr_stac_10":{"sounds":["block\/note_block\/bstr_stac_10"]},"block.note_block.bstr_stac_11":{"sounds":["block\/note_block\/bstr_stac_11"]},"block.note_block.bstr_sus_01_9":{"sounds":["block\/note_block\/bstr_sus_01"]},"block.note_block.bstr_stac_12":{"sounds":["block\/note_block\/bstr_stac_12"]},"block.note_block.bstr_sus_01_6":{"sounds":["block\/note_block\/bstr_sus_01"]},"block.note_block.bstr_sus_01_5":{"sounds":["block\/note_block\/bstr_sus_01"]},"block.note_block.bstr_sus_01_8":{"sounds":["block\/note_block\/bstr_sus_01"]},"block.note_block.bstr_sus_01_7":{"sounds":["block\/note_block\/bstr_sus_01"]},"block.note_block.bstr_sus_01_2":{"sounds":["block\/note_block\/bstr_sus_01"]},"block.note_block.noir_sus_13_7":{"sounds":["block\/note_block\/noir_sus_13"]},"block.note_block.titan_sus_06_13":{"sounds":["block\/note_block\/titan_sus_06"]},"block.note_block.bstr_sus_01_1":{"sounds":["block\/note_block\/bstr_sus_01"]},"block.note_block.noir_sus_13_8":{"sounds":["block\/note_block\/noir_sus_13"]},"block.note_block.titan_sus_06_12":{"sounds":["block\/note_block\/titan_sus_06"]},"block.note_block.bstr_sus_01_4":{"sounds":["block\/note_block\/bstr_sus_01"]},"block.note_block.noir_sus_13_9":{"sounds":["block\/note_block\/noir_sus_13"]},"block.note_block.titan_sus_06_15":{"sounds":["block\/note_block\/titan_sus_06"]},"block.note_block.bstr_sus_01_3":{"sounds":["block\/note_block\/bstr_sus_01"]},"block.note_block.titan_sus_06_14":{"sounds":["block\/note_block\/titan_sus_06"]},"block.note_block.titan_sus_06_11":{"sounds":["block\/note_block\/titan_sus_06"]},"block.note_block.titan_sus_06_10":{"sounds":["block\/note_block\/titan_sus_06"]},"block.note_block.bstr_sus_08_10":{"sounds":["block\/note_block\/bstr_sus_08"]},"block.note_block.bstr_sus_08_12":{"sounds":["block\/note_block\/bstr_sus_08"]},"block.note_block.bstr_sus_08_11":{"sounds":["block\/note_block\/bstr_sus_08"]},"block.note_block.bstr_sus_08_14":{"sounds":["block\/note_block\/bstr_sus_08"]},"block.note_block.flute_sus_11_8":{"sounds":["block\/note_block\/flute_sus_11"]},"block.note_block.noir_sus_01_7":{"sounds":["block\/note_block\/noir_sus_01"]},"block.note_block.bstr_sus_08_13":{"sounds":["block\/note_block\/bstr_sus_08"]},"block.note_block.flute_sus_11_7":{"sounds":["block\/note_block\/flute_sus_11"]},"block.note_block.noir_sus_01_6":{"sounds":["block\/note_block\/noir_sus_01"]},"block.note_block.flute_sus_11_6":{"sounds":["block\/note_block\/flute_sus_11"]},"block.note_block.noir_sus_01_5":{"sounds":["block\/note_block\/noir_sus_01"]},"block.note_block.bstr_sus_08_15":{"sounds":["block\/note_block\/bstr_sus_08"]},"block.note_block.flute_sus_11_5":{"sounds":["block\/note_block\/flute_sus_11"]},"block.note_block.noir_sus_01_4":{"sounds":["block\/note_block\/noir_sus_01"]},"block.note_block.noir_sus_01_3":{"sounds":["block\/note_block\/noir_sus_01"]},"block.note_block.bstr_rel_09":{"sounds":["block\/note_block\/bstr_rel_09"]},"block.note_block.noir_sus_01_2":{"sounds":["block\/note_block\/noir_sus_01"]},"block.note_block.bstr_rel_08":{"sounds":["block\/note_block\/bstr_rel_08"]},"block.note_block.noir_sus_01_1":{"sounds":["block\/note_block\/noir_sus_01"]},"block.note_block.bstr_rel_07":{"sounds":["block\/note_block\/bstr_rel_07"]},"block.note_block.flute_sus_11_9":{"sounds":["block\/note_block\/flute_sus_11"]},"block.note_block.bstr_rel_06":{"sounds":["block\/note_block\/bstr_rel_06"]},"block.note_block.bstr_rel_05":{"sounds":["block\/note_block\/bstr_rel_05"]},"block.note_block.bstr_rel_04":{"sounds":["block\/note_block\/bstr_rel_04"]},"block.note_block.bstr_stac_01":{"sounds":["block\/note_block\/bstr_stac_01"]},"block.note_block.bstr_rel_03":{"sounds":["block\/note_block\/bstr_rel_03"]},"block.note_block.bstr_stac_02":{"sounds":["block\/note_block\/bstr_stac_02"]},"block.note_block.bstr_rel_02":{"sounds":["block\/note_block\/bstr_rel_02"]},"block.note_block.bstr_stac_03":{"sounds":["block\/note_block\/bstr_stac_03"]},"block.note_block.flute_sus_11_4":{"sounds":["block\/note_block\/flute_sus_11"]},"block.note_block.bstr_rel_01":{"sounds":["block\/note_block\/bstr_rel_01"]},"block.note_block.bstr_stac_04":{"sounds":["block\/note_block\/bstr_stac_04"]},"block.note_block.flute_sus_11_3":{"sounds":["block\/note_block\/flute_sus_11"]},"block.note_block.bstr_stac_05":{"sounds":["block\/note_block\/bstr_stac_05"]},"block.note_block.flute_sus_11_2":{"sounds":["block\/note_block\/flute_sus_11"]},"block.note_block.noir_sus_01_9":{"sounds":["block\/note_block\/noir_sus_01"]},"block.note_block.bstr_stac_06":{"sounds":["block\/note_block\/bstr_stac_06"]},"block.note_block.flute_sus_11_1":{"sounds":["block\/note_block\/flute_sus_11"]},"block.note_block.noir_sus_01_8":{"sounds":["block\/note_block\/noir_sus_01"]},"block.note_block.noir_sus_12_1":{"sounds":["block\/note_block\/noir_sus_12"]},"block.note_block.noir_sus_12_2":{"sounds":["block\/note_block\/noir_sus_12"]},"block.note_block.noir_sus_12_3":{"sounds":["block\/note_block\/noir_sus_12"]},"block.note_block.noir_sus_12_4":{"sounds":["block\/note_block\/noir_sus_12"]},"block.note_block.noir_sus_12_5":{"sounds":["block\/note_block\/noir_sus_12"]},"block.note_block.noir_sus_12_6":{"sounds":["block\/note_block\/noir_sus_12"]},"block.note_block.noir_sus_12_7":{"sounds":["block\/note_block\/noir_sus_12"]},"block.note_block.noir_sus_12_8":{"sounds":["block\/note_block\/noir_sus_12"]},"block.note_block.noir_sus_12_9":{"sounds":["block\/note_block\/noir_sus_12"]},"block.note_block.titan_sus_08_14":{"sounds":["block\/note_block\/titan_sus_08"]},"block.note_block.titan_sus_08_15":{"sounds":["block\/note_block\/titan_sus_08"]},"block.note_block.titan_sus_08_12":{"sounds":["block\/note_block\/titan_sus_08"]},"block.note_block.titan_sus_08_13":{"sounds":["block\/note_block\/titan_sus_08"]},"block.note_block.titan_sus_08_10":{"sounds":["block\/note_block\/titan_sus_08"]},"block.note_block.titan_sus_08_11":{"sounds":["block\/note_block\/titan_sus_08"]},"block.note_block.bstr_sus_10_9":{"sounds":["block\/note_block\/bstr_sus_10"]},"block.note_block.bstr_sus_10_7":{"sounds":["block\/note_block\/bstr_sus_10"]},"block.note_block.bstr_sus_10_8":{"sounds":["block\/note_block\/bstr_sus_10"]},"block.note_block.bstr_sus_10_5":{"sounds":["block\/note_block\/bstr_sus_10"]},"block.note_block.bstr_sus_10_6":{"sounds":["block\/note_block\/bstr_sus_10"]},"block.note_block.bstr_sus_10_3":{"sounds":["block\/note_block\/bstr_sus_10"]},"block.note_block.bstr_sus_10_4":{"sounds":["block\/note_block\/bstr_sus_10"]},"block.note_block.bstr_sus_10_1":{"sounds":["block\/note_block\/bstr_sus_10"]},"block.note_block.bstr_sus_10_2":{"sounds":["block\/note_block\/bstr_sus_10"]},"block.note_block.noir_sus_11_1":{"sounds":["block\/note_block\/noir_sus_11"]},"block.note_block.noir_sus_11_2":{"sounds":["block\/note_block\/noir_sus_11"]},"block.note_block.noir_sus_11_3":{"sounds":["block\/note_block\/noir_sus_11"]},"block.note_block.noir_sus_11_4":{"sounds":["block\/note_block\/noir_sus_11"]},"block.note_block.bstr_sus_09_11":{"sounds":["block\/note_block\/bstr_sus_09"]},"block.note_block.noir_sus_11_5":{"sounds":["block\/note_block\/noir_sus_11"]},"block.note_block.bstr_sus_09_10":{"sounds":["block\/note_block\/bstr_sus_09"]},"block.note_block.noir_sus_11_6":{"sounds":["block\/note_block\/noir_sus_11"]},"block.note_block.bstr_sus_09_13":{"sounds":["block\/note_block\/bstr_sus_09"]},"block.note_block.noir_sus_11_7":{"sounds":["block\/note_block\/noir_sus_11"]},"block.note_block.bstr_sus_09_12":{"sounds":["block\/note_block\/bstr_sus_09"]},"block.note_block.noir_sus_11_8":{"sounds":["block\/note_block\/noir_sus_11"]},"block.note_block.bstr_sus_09_15":{"sounds":["block\/note_block\/bstr_sus_09"]},"block.note_block.bstr_sus_09_14":{"sounds":["block\/note_block\/bstr_sus_09"]},"block.note_block.noir_sus_11_9":{"sounds":["block\/note_block\/noir_sus_11"]},"block.note_block.bstr_sus_10_11":{"sounds":["block\/note_block\/bstr_sus_10"]},"block.note_block.bstr_sus_10_10":{"sounds":["block\/note_block\/bstr_sus_10"]},"block.note_block.bstr_sus_11_8":{"sounds":["block\/note_block\/bstr_sus_11"]},"block.note_block.bstr_sus_11_9":{"sounds":["block\/note_block\/bstr_sus_11"]},"block.note_block.bstr_sus_11_6":{"sounds":["block\/note_block\/bstr_sus_11"]},"block.note_block.bstr_sus_11_7":{"sounds":["block\/note_block\/bstr_sus_11"]},"block.note_block.bstr_sus_10_15":{"sounds":["block\/note_block\/bstr_sus_10"]},"block.note_block.bstr_sus_11_4":{"sounds":["block\/note_block\/bstr_sus_11"]},"block.note_block.titan_sus_07_14":{"sounds":["block\/note_block\/titan_sus_07"]},"block.note_block.bstr_sus_10_14":{"sounds":["block\/note_block\/bstr_sus_10"]},"block.note_block.bstr_sus_11_5":{"sounds":["block\/note_block\/bstr_sus_11"]},"block.note_block.titan_sus_07_13":{"sounds":["block\/note_block\/titan_sus_07"]},"block.note_block.bstr_sus_10_13":{"sounds":["block\/note_block\/bstr_sus_10"]},"block.note_block.bstr_sus_11_2":{"sounds":["block\/note_block\/bstr_sus_11"]},"block.note_block.bstr_sus_10_12":{"sounds":["block\/note_block\/bstr_sus_10"]},"block.note_block.bstr_sus_11_3":{"sounds":["block\/note_block\/bstr_sus_11"]},"block.note_block.titan_sus_07_15":{"sounds":["block\/note_block\/titan_sus_07"]},"block.note_block.titan_sus_07_10":{"sounds":["block\/note_block\/titan_sus_07"]},"block.note_block.bstr_sus_11_1":{"sounds":["block\/note_block\/bstr_sus_11"]},"block.note_block.titan_sus_07_12":{"sounds":["block\/note_block\/titan_sus_07"]},"block.note_block.titan_sus_07_11":{"sounds":["block\/note_block\/titan_sus_07"]},"block.note_block.flute_stac_10":{"sounds":["block\/note_block\/flute_stac_10"]},"block.note_block.bstr_sus_04_7":{"sounds":["block\/note_block\/bstr_sus_04"]},"block.note_block.bstr_sus_04_6":{"sounds":["block\/note_block\/bstr_sus_04"]},"block.note_block.bstr_sus_04_9":{"sounds":["block\/note_block\/bstr_sus_04"]},"block.note_block.bstr_sus_04_8":{"sounds":["block\/note_block\/bstr_sus_04"]},"block.note_block.bstr_sus_04_3":{"sounds":["block\/note_block\/bstr_sus_04"]},"block.note_block.flute_stac_12":{"sounds":["block\/note_block\/flute_stac_12"]},"block.note_block.titan_sus_12_9":{"sounds":["block\/note_block\/titan_sus_12"]},"block.note_block.bstr_sus_04_2":{"sounds":["block\/note_block\/bstr_sus_04"]},"block.note_block.flute_stac_11":{"sounds":["block\/note_block\/flute_stac_11"]},"block.note_block.flute_sus_07_15":{"sounds":["block\/note_block\/flute_sus_07"]},"block.note_block.titan_sus_12_8":{"sounds":["block\/note_block\/titan_sus_12"]},"block.note_block.bstr_sus_04_5":{"sounds":["block\/note_block\/bstr_sus_04"]},"block.note_block.flute_sus_07_14":{"sounds":["block\/note_block\/flute_sus_07"]},"block.note_block.bstr_sus_04_4":{"sounds":["block\/note_block\/bstr_sus_04"]},"block.note_block.flute_sus_07_13":{"sounds":["block\/note_block\/flute_sus_07"]},"block.note_block.noir_sus_09_12":{"sounds":["block\/note_block\/noir_sus_09"]},"block.note_block.titan_sus_12_5":{"sounds":["block\/note_block\/titan_sus_12"]},"block.note_block.noir_sus_09_11":{"sounds":["block\/note_block\/noir_sus_09"]},"block.note_block.titan_sus_12_4":{"sounds":["block\/note_block\/titan_sus_12"]},"block.note_block.bstr_sus_04_1":{"sounds":["block\/note_block\/bstr_sus_04"]},"block.note_block.noir_sus_09_14":{"sounds":["block\/note_block\/noir_sus_09"]},"block.note_block.titan_sus_12_7":{"sounds":["block\/note_block\/titan_sus_12"]},"block.note_block.noir_sus_09_13":{"sounds":["block\/note_block\/noir_sus_09"]},"block.note_block.titan_sus_12_6":{"sounds":["block\/note_block\/titan_sus_12"]},"block.note_block.titan_sus_12_1":{"sounds":["block\/note_block\/titan_sus_12"]},"block.note_block.noir_sus_09_15":{"sounds":["block\/note_block\/noir_sus_09"]},"block.note_block.titan_sus_12_3":{"sounds":["block\/note_block\/titan_sus_12"]},"block.note_block.titan_sus_12_2":{"sounds":["block\/note_block\/titan_sus_12"]},"block.note_block.bstr_sus_12_10":{"sounds":["block\/note_block\/bstr_sus_12"]},"block.note_block.bstr_sus_12_11":{"sounds":["block\/note_block\/bstr_sus_12"]},"block.note_block.bstr_sus_12_12":{"sounds":["block\/note_block\/bstr_sus_12"]},"block.note_block.bstr_sus_12_13":{"sounds":["block\/note_block\/bstr_sus_12"]},"block.note_block.noir_sus_09_10":{"sounds":["block\/note_block\/noir_sus_09"]},"block.note_block.flute_sus_07_12":{"sounds":["block\/note_block\/flute_sus_07"]},"block.note_block.noir_sus_06_2":{"sounds":["block\/note_block\/noir_sus_06"]},"block.note_block.flute_sus_07_11":{"sounds":["block\/note_block\/flute_sus_07"]},"block.note_block.noir_sus_06_1":{"sounds":["block\/note_block\/noir_sus_06"]},"block.note_block.flute_sus_07_10":{"sounds":["block\/note_block\/flute_sus_07"]},"block.note_block.noir_sus_06_9":{"sounds":["block\/note_block\/noir_sus_06"]},"block.note_block.titan_sus_09_10":{"sounds":["block\/note_block\/titan_sus_09"]},"block.note_block.noir_sus_06_8":{"sounds":["block\/note_block\/noir_sus_06"]},"block.note_block.noir_sus_06_7":{"sounds":["block\/note_block\/noir_sus_06"]},"block.note_block.noir_sus_06_6":{"sounds":["block\/note_block\/noir_sus_06"]},"block.note_block.titan_sus_01_9":{"sounds":["block\/note_block\/titan_sus_01"]},"block.note_block.noir_sus_06_5":{"sounds":["block\/note_block\/noir_sus_06"]},"block.note_block.titan_sus_01_8":{"sounds":["block\/note_block\/titan_sus_01"]},"block.note_block.noir_sus_06_4":{"sounds":["block\/note_block\/noir_sus_06"]},"block.note_block.noir_sus_06_3":{"sounds":["block\/note_block\/noir_sus_06"]},"block.note_block.titan_sus_01_5":{"sounds":["block\/note_block\/titan_sus_01"]},"block.note_block.titan_sus_01_4":{"sounds":["block\/note_block\/titan_sus_01"]},"block.note_block.titan_sus_01_7":{"sounds":["block\/note_block\/titan_sus_01"]},"block.note_block.titan_sus_09_15":{"sounds":["block\/note_block\/titan_sus_09"]},"block.note_block.titan_sus_01_6":{"sounds":["block\/note_block\/titan_sus_01"]},"block.note_block.bstr_sus_12_14":{"sounds":["block\/note_block\/bstr_sus_12"]},"block.note_block.titan_sus_01_1":{"sounds":["block\/note_block\/titan_sus_01"]},"block.note_block.titan_sus_09_13":{"sounds":["block\/note_block\/titan_sus_09"]},"block.note_block.bstr_sus_12_15":{"sounds":["block\/note_block\/bstr_sus_12"]},"block.note_block.titan_sus_09_14":{"sounds":["block\/note_block\/titan_sus_09"]},"block.note_block.titan_sus_01_3":{"sounds":["block\/note_block\/titan_sus_01"]},"block.note_block.titan_sus_09_11":{"sounds":["block\/note_block\/titan_sus_09"]},"block.note_block.titan_sus_01_2":{"sounds":["block\/note_block\/titan_sus_01"]},"block.note_block.titan_sus_09_12":{"sounds":["block\/note_block\/titan_sus_09"]},"block.note_block.bstr_sus_11_10":{"sounds":["block\/note_block\/bstr_sus_11"]},"block.note_block.bstr_sus_11_11":{"sounds":["block\/note_block\/bstr_sus_11"]},"block.note_block.bstr_sus_11_12":{"sounds":["block\/note_block\/bstr_sus_11"]},"block.note_block.flute_sus_08_13":{"sounds":["block\/note_block\/flute_sus_08"]},"block.note_block.flute_sus_08_12":{"sounds":["block\/note_block\/flute_sus_08"]},"block.note_block.flute_sus_08_11":{"sounds":["block\/note_block\/flute_sus_08"]},"block.note_block.flute_sus_08_10":{"sounds":["block\/note_block\/flute_sus_08"]},"block.note_block.bstr_sus_05_9":{"sounds":["block\/note_block\/bstr_sus_05"]},"block.note_block.bstr_sus_05_6":{"sounds":["block\/note_block\/bstr_sus_05"]},"block.note_block.titan_sus_11_11":{"sounds":["block\/note_block\/titan_sus_11"]},"block.note_block.bstr_sus_05_5":{"sounds":["block\/note_block\/bstr_sus_05"]},"block.note_block.titan_sus_11_10":{"sounds":["block\/note_block\/titan_sus_11"]},"block.note_block.bstr_sus_05_8":{"sounds":["block\/note_block\/bstr_sus_05"]},"block.note_block.titan_sus_11_13":{"sounds":["block\/note_block\/titan_sus_11"]},"block.note_block.bstr_sus_05_7":{"sounds":["block\/note_block\/bstr_sus_05"]},"block.note_block.titan_sus_11_12":{"sounds":["block\/note_block\/titan_sus_11"]},"block.note_block.bstr_sus_05_2":{"sounds":["block\/note_block\/bstr_sus_05"]},"block.note_block.titan_sus_11_15":{"sounds":["block\/note_block\/titan_sus_11"]},"block.note_block.bstr_sus_05_1":{"sounds":["block\/note_block\/bstr_sus_05"]},"block.note_block.titan_sus_11_9":{"sounds":["block\/note_block\/titan_sus_11"]},"block.note_block.titan_sus_11_14":{"sounds":["block\/note_block\/titan_sus_11"]},"block.note_block.bstr_sus_05_4":{"sounds":["block\/note_block\/bstr_sus_05"]},"block.note_block.bstr_sus_05_3":{"sounds":["block\/note_block\/bstr_sus_05"]},"block.note_block.titan_sus_11_6":{"sounds":["block\/note_block\/titan_sus_11"]},"block.note_block.titan_sus_11_5":{"sounds":["block\/note_block\/titan_sus_11"]},"block.note_block.titan_sus_11_8":{"sounds":["block\/note_block\/titan_sus_11"]},"block.note_block.titan_sus_11_7":{"sounds":["block\/note_block\/titan_sus_11"]},"block.note_block.bstr_sus_11_13":{"sounds":["block\/note_block\/bstr_sus_11"]},"block.note_block.titan_sus_11_2":{"sounds":["block\/note_block\/titan_sus_11"]},"block.note_block.bstr_sus_11_14":{"sounds":["block\/note_block\/bstr_sus_11"]},"block.note_block.titan_sus_11_1":{"sounds":["block\/note_block\/titan_sus_11"]},"block.note_block.bstr_sus_11_15":{"sounds":["block\/note_block\/bstr_sus_11"]},"block.note_block.titan_sus_11_4":{"sounds":["block\/note_block\/titan_sus_11"]},"block.note_block.titan_sus_11_3":{"sounds":["block\/note_block\/titan_sus_11"]},"block.note_block.noir_sus_05_3":{"sounds":["block\/note_block\/noir_sus_05"]},"block.note_block.noir_sus_05_2":{"sounds":["block\/note_block\/noir_sus_05"]},"block.note_block.noir_sus_05_1":{"sounds":["block\/note_block\/noir_sus_05"]},"block.note_block.flute_stac_07":{"sounds":["block\/note_block\/flute_stac_07"]},"block.note_block.noir_sus_05_9":{"sounds":["block\/note_block\/noir_sus_05"]},"block.note_block.flute_stac_06":{"sounds":["block\/note_block\/flute_stac_06"]},"block.note_block.noir_sus_05_8":{"sounds":["block\/note_block\/noir_sus_05"]},"block.note_block.noir_sus_05_7":{"sounds":["block\/note_block\/noir_sus_05"]},"block.note_block.noir_sus_05_6":{"sounds":["block\/note_block\/noir_sus_05"]},"block.note_block.noir_sus_05_5":{"sounds":["block\/note_block\/noir_sus_05"]},"block.note_block.noir_sus_05_4":{"sounds":["block\/note_block\/noir_sus_05"]},"block.note_block.noir_sus_08_10":{"sounds":["block\/note_block\/noir_sus_08"]},"block.note_block.noir_sus_08_11":{"sounds":["block\/note_block\/noir_sus_08"]},"block.note_block.noir_sus_08_12":{"sounds":["block\/note_block\/noir_sus_08"]},"block.note_block.noir_sus_08_13":{"sounds":["block\/note_block\/noir_sus_08"]},"block.note_block.flute_stac_09":{"sounds":["block\/note_block\/flute_stac_09"]},"block.note_block.noir_sus_08_14":{"sounds":["block\/note_block\/noir_sus_08"]},"block.note_block.flute_stac_08":{"sounds":["block\/note_block\/flute_stac_08"]},"block.note_block.noir_sus_08_15":{"sounds":["block\/note_block\/noir_sus_08"]},"block.note_block.flute_sus_06_10":{"sounds":["block\/note_block\/flute_sus_06"]},"block.note_block.flute_sus_06_11":{"sounds":["block\/note_block\/flute_sus_06"]},"block.note_block.bstr_sus_02_9":{"sounds":["block\/note_block\/bstr_sus_02"]},"block.note_block.bstr_sus_02_8":{"sounds":["block\/note_block\/bstr_sus_02"]},"block.note_block.bstr_sus_02_5":{"sounds":["block\/note_block\/bstr_sus_02"]},"block.note_block.bstr_sus_02_4":{"sounds":["block\/note_block\/bstr_sus_02"]},"block.note_block.bstr_sus_02_7":{"sounds":["block\/note_block\/bstr_sus_02"]},"block.note_block.bstr_sus_02_6":{"sounds":["block\/note_block\/bstr_sus_02"]},"block.note_block.bstr_sus_02_1":{"sounds":["block\/note_block\/bstr_sus_02"]},"block.note_block.titan_sus_10_7":{"sounds":["block\/note_block\/titan_sus_10"]},"block.note_block.titan_sus_10_6":{"sounds":["block\/note_block\/titan_sus_10"]},"block.note_block.bstr_sus_02_3":{"sounds":["block\/note_block\/bstr_sus_02"]},"block.note_block.titan_sus_10_9":{"sounds":["block\/note_block\/titan_sus_10"]},"block.note_block.bstr_sus_02_2":{"sounds":["block\/note_block\/bstr_sus_02"]},"block.note_block.titan_sus_10_8":{"sounds":["block\/note_block\/titan_sus_10"]},"block.note_block.titan_sus_10_3":{"sounds":["block\/note_block\/titan_sus_10"]},"block.note_block.titan_sus_10_2":{"sounds":["block\/note_block\/titan_sus_10"]},"block.note_block.titan_sus_10_5":{"sounds":["block\/note_block\/titan_sus_10"]},"block.note_block.titan_sus_10_4":{"sounds":["block\/note_block\/titan_sus_10"]},"block.note_block.titan_sus_10_1":{"sounds":["block\/note_block\/titan_sus_10"]},"block.note_block.flute_sus_10_9":{"sounds":["block\/note_block\/flute_sus_10"]},"block.note_block.noir_sus_04_4":{"sounds":["block\/note_block\/noir_sus_04"]},"block.note_block.flute_sus_10_8":{"sounds":["block\/note_block\/flute_sus_10"]},"block.note_block.noir_sus_04_3":{"sounds":["block\/note_block\/noir_sus_04"]},"block.note_block.flute_sus_10_7":{"sounds":["block\/note_block\/flute_sus_10"]},"block.note_block.noir_sus_04_2":{"sounds":["block\/note_block\/noir_sus_04"]},"block.note_block.flute_sus_10_6":{"sounds":["block\/note_block\/flute_sus_10"]},"block.note_block.noir_sus_04_1":{"sounds":["block\/note_block\/noir_sus_04"]},"block.note_block.bstr_sus_01_14":{"sounds":["block\/note_block\/bstr_sus_01"]},"block.note_block.bstr_sus_01_15":{"sounds":["block\/note_block\/bstr_sus_01"]},"block.note_block.bstr_sus_01_12":{"sounds":["block\/note_block\/bstr_sus_01"]},"block.note_block.flute_sus_10_1":{"sounds":["block\/note_block\/flute_sus_10"]},"block.note_block.bstr_sus_01_13":{"sounds":["block\/note_block\/bstr_sus_01"]},"block.note_block.bstr_sus_01_10":{"sounds":["block\/note_block\/bstr_sus_01"]},"block.note_block.bstr_sus_01_11":{"sounds":["block\/note_block\/bstr_sus_01"]},"block.note_block.noir_sus_04_9":{"sounds":["block\/note_block\/noir_sus_04"]},"block.note_block.flute_sus_10_5":{"sounds":["block\/note_block\/flute_sus_10"]},"block.note_block.noir_sus_04_8":{"sounds":["block\/note_block\/noir_sus_04"]},"block.note_block.flute_sus_10_4":{"sounds":["block\/note_block\/flute_sus_10"]},"block.note_block.noir_sus_04_7":{"sounds":["block\/note_block\/noir_sus_04"]},"block.note_block.flute_sus_10_3":{"sounds":["block\/note_block\/flute_sus_10"]},"block.note_block.noir_sus_04_6":{"sounds":["block\/note_block\/noir_sus_04"]},"block.note_block.flute_sus_10_2":{"sounds":["block\/note_block\/flute_sus_10"]},"block.note_block.noir_sus_04_5":{"sounds":["block\/note_block\/noir_sus_04"]},"block.note_block.bstr_sus_02_15":{"sounds":["block\/note_block\/bstr_sus_02"]},"block.note_block.bstr_sus_02_13":{"sounds":["block\/note_block\/bstr_sus_02"]},"block.note_block.bstr_sus_03_8":{"sounds":["block\/note_block\/bstr_sus_03"]},"block.note_block.bstr_sus_02_14":{"sounds":["block\/note_block\/bstr_sus_02"]},"block.note_block.bstr_sus_03_7":{"sounds":["block\/note_block\/bstr_sus_03"]},"block.note_block.bstr_sus_02_11":{"sounds":["block\/note_block\/bstr_sus_02"]},"block.note_block.bstr_sus_02_12":{"sounds":["block\/note_block\/bstr_sus_02"]},"block.note_block.bstr_sus_03_9":{"sounds":["block\/note_block\/bstr_sus_03"]},"block.note_block.bstr_sus_03_4":{"sounds":["block\/note_block\/bstr_sus_03"]},"block.note_block.bstr_sus_02_10":{"sounds":["block\/note_block\/bstr_sus_02"]},"block.note_block.bstr_sus_03_3":{"sounds":["block\/note_block\/bstr_sus_03"]},"block.note_block.bstr_sus_03_6":{"sounds":["block\/note_block\/bstr_sus_03"]},"block.note_block.bstr_sus_03_5":{"sounds":["block\/note_block\/bstr_sus_03"]},"block.note_block.noir_sus_07_10":{"sounds":["block\/note_block\/noir_sus_07"]},"block.note_block.bstr_sus_03_2":{"sounds":["block\/note_block\/bstr_sus_03"]},"block.note_block.noir_sus_07_11":{"sounds":["block\/note_block\/noir_sus_07"]},"block.note_block.bstr_sus_03_1":{"sounds":["block\/note_block\/bstr_sus_03"]},"block.note_block.noir_sus_07_12":{"sounds":["block\/note_block\/noir_sus_07"]},"block.note_block.noir_sus_07_13":{"sounds":["block\/note_block\/noir_sus_07"]},"block.note_block.noir_sus_07_14":{"sounds":["block\/note_block\/noir_sus_07"]},"block.note_block.noir_sus_07_15":{"sounds":["block\/note_block\/noir_sus_07"]},"block.note_block.noir_sus_03_5":{"sounds":["block\/note_block\/noir_sus_03"]},"block.note_block.noir_sus_03_4":{"sounds":["block\/note_block\/noir_sus_03"]},"block.note_block.noir_sus_03_3":{"sounds":["block\/note_block\/noir_sus_03"]},"block.note_block.noir_sus_03_2":{"sounds":["block\/note_block\/noir_sus_03"]},"block.note_block.noir_sus_03_1":{"sounds":["block\/note_block\/noir_sus_03"]},"block.note_block.titan_sus_10_10":{"sounds":["block\/note_block\/titan_sus_10"]},"block.note_block.titan_sus_10_11":{"sounds":["block\/note_block\/titan_sus_10"]},"block.note_block.titan_sus_10_12":{"sounds":["block\/note_block\/titan_sus_10"]},"block.note_block.flute_sus_06_14":{"sounds":["block\/note_block\/flute_sus_06"]},"block.note_block.noir_sus_03_9":{"sounds":["block\/note_block\/noir_sus_03"]},"block.note_block.titan_sus_10_13":{"sounds":["block\/note_block\/titan_sus_10"]},"block.note_block.flute_sus_06_15":{"sounds":["block\/note_block\/flute_sus_06"]},"block.note_block.noir_sus_03_8":{"sounds":["block\/note_block\/noir_sus_03"]},"block.note_block.titan_sus_10_14":{"sounds":["block\/note_block\/titan_sus_10"]},"block.note_block.flute_sus_06_12":{"sounds":["block\/note_block\/flute_sus_06"]},"block.note_block.noir_sus_03_7":{"sounds":["block\/note_block\/noir_sus_03"]},"block.note_block.titan_sus_10_15":{"sounds":["block\/note_block\/titan_sus_10"]},"block.note_block.flute_sus_06_13":{"sounds":["block\/note_block\/flute_sus_06"]},"block.note_block.noir_sus_03_6":{"sounds":["block\/note_block\/noir_sus_03"]},"block.note_block.flute_sus_08_8":{"sounds":["block\/note_block\/flute_sus_08"]},"block.note_block.flute_sus_08_7":{"sounds":["block\/note_block\/flute_sus_08"]},"block.note_block.flute_sus_08_6":{"sounds":["block\/note_block\/flute_sus_08"]},"block.note_block.flute_sus_08_5":{"sounds":["block\/note_block\/flute_sus_08"]},"block.note_block.flute_sus_08_9":{"sounds":["block\/note_block\/flute_sus_08"]},"block.note_block.bstr_sus_08_7":{"sounds":["block\/note_block\/bstr_sus_08"]},"block.note_block.flute_rel_10":{"sounds":["block\/note_block\/flute_rel_10"]},"block.note_block.flute_sus_08_4":{"sounds":["block\/note_block\/flute_sus_08"]},"block.note_block.bstr_sus_08_6":{"sounds":["block\/note_block\/bstr_sus_08"]},"block.note_block.flute_sus_08_3":{"sounds":["block\/note_block\/flute_sus_08"]},"block.note_block.bstr_sus_08_9":{"sounds":["block\/note_block\/bstr_sus_08"]},"block.note_block.flute_rel_12":{"sounds":["block\/note_block\/flute_rel_12"]},"block.note_block.flute_sus_08_2":{"sounds":["block\/note_block\/flute_sus_08"]},"block.note_block.titan_sus_13_11":{"sounds":["block\/note_block\/titan_sus_13"]},"block.note_block.bstr_sus_08_8":{"sounds":["block\/note_block\/bstr_sus_08"]},"block.note_block.flute_rel_11":{"sounds":["block\/note_block\/flute_rel_11"]},"block.note_block.flute_sus_08_1":{"sounds":["block\/note_block\/flute_sus_08"]},"block.note_block.titan_sus_13_10":{"sounds":["block\/note_block\/titan_sus_13"]},"block.note_block.bstr_sus_08_3":{"sounds":["block\/note_block\/bstr_sus_08"]},"block.note_block.titan_sus_13_13":{"sounds":["block\/note_block\/titan_sus_13"]},"block.note_block.bstr_sus_08_2":{"sounds":["block\/note_block\/bstr_sus_08"]},"block.note_block.titan_sus_13_12":{"sounds":["block\/note_block\/titan_sus_13"]},"block.note_block.bstr_sus_08_5":{"sounds":["block\/note_block\/bstr_sus_08"]},"block.note_block.titan_sus_13_15":{"sounds":["block\/note_block\/titan_sus_13"]},"block.note_block.bstr_sus_08_4":{"sounds":["block\/note_block\/bstr_sus_08"]},"block.note_block.titan_sus_13_14":{"sounds":["block\/note_block\/titan_sus_13"]},"block.note_block.bstr_sus_08_1":{"sounds":["block\/note_block\/bstr_sus_08"]},"block.note_block.titan_sus_01_13":{"sounds":["block\/note_block\/titan_sus_01"]},"block.note_block.titan_sus_01_14":{"sounds":["block\/note_block\/titan_sus_01"]},"block.note_block.titan_sus_01_11":{"sounds":["block\/note_block\/titan_sus_01"]},"block.note_block.titan_sus_01_12":{"sounds":["block\/note_block\/titan_sus_01"]},"block.note_block.flute_sus_11_12":{"sounds":["block\/note_block\/flute_sus_11"]},"block.note_block.flute_sus_11_13":{"sounds":["block\/note_block\/flute_sus_11"]},"block.note_block.flute_sus_11_10":{"sounds":["block\/note_block\/flute_sus_11"]},"block.note_block.titan_sus_01_15":{"sounds":["block\/note_block\/titan_sus_01"]},"block.note_block.flute_sus_11_11":{"sounds":["block\/note_block\/flute_sus_11"]},"block.note_block.flute_sus_11_14":{"sounds":["block\/note_block\/flute_sus_11"]},"block.note_block.flute_sus_11_15":{"sounds":["block\/note_block\/flute_sus_11"]},"block.note_block.noir_sus_06_15":{"sounds":["block\/note_block\/noir_sus_06"]},"block.note_block.titan_sus_05_9":{"sounds":["block\/note_block\/titan_sus_05"]},"block.note_block.noir_sus_06_14":{"sounds":["block\/note_block\/noir_sus_06"]},"block.note_block.titan_sus_05_8":{"sounds":["block\/note_block\/titan_sus_05"]},"block.note_block.noir_sus_06_13":{"sounds":["block\/note_block\/noir_sus_06"]},"block.note_block.noir_sus_06_12":{"sounds":["block\/note_block\/noir_sus_06"]},"block.note_block.noir_sus_06_11":{"sounds":["block\/note_block\/noir_sus_06"]},"block.note_block.titan_sus_05_5":{"sounds":["block\/note_block\/titan_sus_05"]},"block.note_block.noir_sus_06_10":{"sounds":["block\/note_block\/noir_sus_06"]},"block.note_block.titan_sus_05_4":{"sounds":["block\/note_block\/titan_sus_05"]},"block.note_block.titan_sus_05_7":{"sounds":["block\/note_block\/titan_sus_05"]},"block.note_block.titan_sus_05_6":{"sounds":["block\/note_block\/titan_sus_05"]},"block.note_block.titan_sus_05_1":{"sounds":["block\/note_block\/titan_sus_05"]},"block.note_block.titan_sus_05_3":{"sounds":["block\/note_block\/titan_sus_05"]},"block.note_block.titan_sus_05_2":{"sounds":["block\/note_block\/titan_sus_05"]},"block.note_block.titan_sus_01_10":{"sounds":["block\/note_block\/titan_sus_01"]},"block.note_block.flute_sus_07_9":{"sounds":["block\/note_block\/flute_sus_07"]},"block.note_block.flute_sus_07_8":{"sounds":["block\/note_block\/flute_sus_07"]},"block.note_block.flute_sus_07_7":{"sounds":["block\/note_block\/flute_sus_07"]},"block.note_block.flute_sus_07_6":{"sounds":["block\/note_block\/flute_sus_07"]},"block.note_block.flute_sus_10_11":{"sounds":["block\/note_block\/flute_sus_10"]},"block.note_block.flute_sus_10_12":{"sounds":["block\/note_block\/flute_sus_10"]},"block.note_block.flute_sus_10_10":{"sounds":["block\/note_block\/flute_sus_10"]},"block.note_block.flute_sus_07_1":{"sounds":["block\/note_block\/flute_sus_07"]},"block.note_block.flute_sus_10_15":{"sounds":["block\/note_block\/flute_sus_10"]},"block.note_block.bstr_sus_09_9":{"sounds":["block\/note_block\/bstr_sus_09"]},"block.note_block.flute_sus_10_13":{"sounds":["block\/note_block\/flute_sus_10"]},"block.note_block.flute_sus_10_14":{"sounds":["block\/note_block\/flute_sus_10"]},"block.note_block.bstr_sus_09_6":{"sounds":["block\/note_block\/bstr_sus_09"]},"block.note_block.flute_sus_07_5":{"sounds":["block\/note_block\/flute_sus_07"]},"block.note_block.bstr_sus_09_5":{"sounds":["block\/note_block\/bstr_sus_09"]},"block.note_block.flute_sus_07_4":{"sounds":["block\/note_block\/flute_sus_07"]},"block.note_block.bstr_sus_09_8":{"sounds":["block\/note_block\/bstr_sus_09"]},"block.note_block.flute_sus_07_3":{"sounds":["block\/note_block\/flute_sus_07"]},"block.note_block.bstr_sus_09_7":{"sounds":["block\/note_block\/bstr_sus_09"]},"block.note_block.flute_sus_07_2":{"sounds":["block\/note_block\/flute_sus_07"]},"block.note_block.bstr_sus_09_2":{"sounds":["block\/note_block\/bstr_sus_09"]},"block.note_block.bstr_sus_09_1":{"sounds":["block\/note_block\/bstr_sus_09"]},"block.note_block.bstr_sus_09_4":{"sounds":["block\/note_block\/bstr_sus_09"]},"block.note_block.bstr_sus_09_3":{"sounds":["block\/note_block\/bstr_sus_09"]},"block.note_block.flute_rel_07":{"sounds":["block\/note_block\/flute_rel_07"]},"block.note_block.flute_rel_06":{"sounds":["block\/note_block\/flute_rel_06"]},"block.note_block.flute_rel_09":{"sounds":["block\/note_block\/flute_rel_09"]},"block.note_block.flute_rel_08":{"sounds":["block\/note_block\/flute_rel_08"]},"block.note_block.bstr_sus_03_15":{"sounds":["block\/note_block\/bstr_sus_03"]},"block.note_block.noir_sus_09_8":{"sounds":["block\/note_block\/noir_sus_09"]},"block.note_block.bstr_sus_03_14":{"sounds":["block\/note_block\/bstr_sus_03"]},"block.note_block.noir_sus_09_9":{"sounds":["block\/note_block\/noir_sus_09"]},"block.note_block.titan_sus_04_9":{"sounds":["block\/note_block\/titan_sus_04"]},"block.note_block.bstr_sus_03_13":{"sounds":["block\/note_block\/bstr_sus_03"]},"block.note_block.bstr_sus_03_12":{"sounds":["block\/note_block\/bstr_sus_03"]},"block.note_block.bstr_sus_03_11":{"sounds":["block\/note_block\/bstr_sus_03"]},"block.note_block.titan_sus_04_6":{"sounds":["block\/note_block\/titan_sus_04"]},"block.note_block.bstr_sus_03_10":{"sounds":["block\/note_block\/bstr_sus_03"]},"block.note_block.titan_sus_04_5":{"sounds":["block\/note_block\/titan_sus_04"]},"block.note_block.titan_sus_04_8":{"sounds":["block\/note_block\/titan_sus_04"]},"block.note_block.titan_sus_04_7":{"sounds":["block\/note_block\/titan_sus_04"]},"block.note_block.titan_sus_04_2":{"sounds":["block\/note_block\/titan_sus_04"]},"block.note_block.noir_sus_09_1":{"sounds":["block\/note_block\/noir_sus_09"]},"block.note_block.titan_sus_04_1":{"sounds":["block\/note_block\/titan_sus_04"]},"block.note_block.noir_sus_09_2":{"sounds":["block\/note_block\/noir_sus_09"]},"block.note_block.titan_sus_04_4":{"sounds":["block\/note_block\/titan_sus_04"]},"block.note_block.noir_sus_09_3":{"sounds":["block\/note_block\/noir_sus_09"]},"block.note_block.titan_sus_04_3":{"sounds":["block\/note_block\/titan_sus_04"]},"block.note_block.noir_sus_09_4":{"sounds":["block\/note_block\/noir_sus_09"]},"block.note_block.noir_sus_09_5":{"sounds":["block\/note_block\/noir_sus_09"]},"block.note_block.noir_sus_09_6":{"sounds":["block\/note_block\/noir_sus_09"]},"block.note_block.noir_sus_09_7":{"sounds":["block\/note_block\/noir_sus_09"]},"block.note_block.bstr_sus_06_9":{"sounds":["block\/note_block\/bstr_sus_06"]},"block.note_block.bstr_sus_06_8":{"sounds":["block\/note_block\/bstr_sus_06"]},"block.note_block.bstr_sus_06_5":{"sounds":["block\/note_block\/bstr_sus_06"]},"block.note_block.noir_sus_05_14":{"sounds":["block\/note_block\/noir_sus_05"]},"block.note_block.bstr_sus_04_15":{"sounds":["block\/note_block\/bstr_sus_04"]},"block.note_block.bstr_sus_06_4":{"sounds":["block\/note_block\/bstr_sus_06"]},"block.note_block.noir_sus_05_13":{"sounds":["block\/note_block\/noir_sus_05"]},"block.note_block.bstr_sus_04_14":{"sounds":["block\/note_block\/bstr_sus_04"]},"block.note_block.bstr_sus_06_7":{"sounds":["block\/note_block\/bstr_sus_06"]},"block.note_block.noir_sus_05_12":{"sounds":["block\/note_block\/noir_sus_05"]},"block.note_block.bstr_sus_04_13":{"sounds":["block\/note_block\/bstr_sus_04"]},"block.note_block.bstr_sus_06_6":{"sounds":["block\/note_block\/bstr_sus_06"]},"block.note_block.noir_sus_05_11":{"sounds":["block\/note_block\/noir_sus_05"]},"block.note_block.bstr_sus_04_12":{"sounds":["block\/note_block\/bstr_sus_04"]},"block.note_block.bstr_sus_06_1":{"sounds":["block\/note_block\/bstr_sus_06"]},"block.note_block.noir_sus_05_10":{"sounds":["block\/note_block\/noir_sus_05"]},"block.note_block.bstr_sus_04_11":{"sounds":["block\/note_block\/bstr_sus_04"]},"block.note_block.bstr_sus_04_10":{"sounds":["block\/note_block\/bstr_sus_04"]},"block.note_block.bstr_sus_06_3":{"sounds":["block\/note_block\/bstr_sus_06"]},"block.note_block.bstr_sus_06_2":{"sounds":["block\/note_block\/bstr_sus_06"]},"block.note_block.noir_sus_05_15":{"sounds":["block\/note_block\/noir_sus_05"]},"block.note_block.titan_sus_12_10":{"sounds":["block\/note_block\/titan_sus_12"]},"block.note_block.noir_sus_08_9":{"sounds":["block\/note_block\/noir_sus_08"]},"block.note_block.titan_sus_12_12":{"sounds":["block\/note_block\/titan_sus_12"]},"block.note_block.titan_sus_12_11":{"sounds":["block\/note_block\/titan_sus_12"]},"block.note_block.titan_sus_12_14":{"sounds":["block\/note_block\/titan_sus_12"]},"block.note_block.titan_sus_12_13":{"sounds":["block\/note_block\/titan_sus_12"]},"block.note_block.titan_sus_03_7":{"sounds":["block\/note_block\/titan_sus_03"]},"block.note_block.titan_sus_03_6":{"sounds":["block\/note_block\/titan_sus_03"]},"block.note_block.titan_sus_12_15":{"sounds":["block\/note_block\/titan_sus_12"]},"block.note_block.flute_sus_08_15":{"sounds":["block\/note_block\/flute_sus_08"]},"block.note_block.titan_sus_03_9":{"sounds":["block\/note_block\/titan_sus_03"]},"block.note_block.flute_sus_08_14":{"sounds":["block\/note_block\/flute_sus_08"]},"block.note_block.titan_sus_03_8":{"sounds":["block\/note_block\/titan_sus_03"]},"block.note_block.noir_sus_08_1":{"sounds":["block\/note_block\/noir_sus_08"]},"block.note_block.titan_sus_03_3":{"sounds":["block\/note_block\/titan_sus_03"]},"block.note_block.noir_sus_08_2":{"sounds":["block\/note_block\/noir_sus_08"]},"block.note_block.titan_sus_03_2":{"sounds":["block\/note_block\/titan_sus_03"]},"block.note_block.noir_sus_08_3":{"sounds":["block\/note_block\/noir_sus_08"]},"block.note_block.titan_sus_03_5":{"sounds":["block\/note_block\/titan_sus_03"]},"block.note_block.noir_sus_08_4":{"sounds":["block\/note_block\/noir_sus_08"]},"block.note_block.titan_sus_03_4":{"sounds":["block\/note_block\/titan_sus_03"]},"block.note_block.noir_sus_08_5":{"sounds":["block\/note_block\/noir_sus_08"]},"block.note_block.noir_sus_08_6":{"sounds":["block\/note_block\/noir_sus_08"]},"block.note_block.noir_sus_08_7":{"sounds":["block\/note_block\/noir_sus_08"]},"block.note_block.titan_sus_03_1":{"sounds":["block\/note_block\/titan_sus_03"]},"block.note_block.noir_sus_08_8":{"sounds":["block\/note_block\/noir_sus_08"]},"block.note_block.flute_sus_09_7":{"sounds":["block\/note_block\/flute_sus_09"]},"block.note_block.titan_sus_02_15":{"sounds":["block\/note_block\/titan_sus_02"]},"block.note_block.flute_sus_09_6":{"sounds":["block\/note_block\/flute_sus_09"]},"block.note_block.titan_sus_02_14":{"sounds":["block\/note_block\/titan_sus_02"]},"block.note_block.flute_sus_09_5":{"sounds":["block\/note_block\/flute_sus_09"]},"block.note_block.titan_sus_02_13":{"sounds":["block\/note_block\/titan_sus_02"]},"block.note_block.flute_sus_09_4":{"sounds":["block\/note_block\/flute_sus_09"]},"block.note_block.titan_sus_02_12":{"sounds":["block\/note_block\/titan_sus_02"]},"block.note_block.flute_sus_09_9":{"sounds":["block\/note_block\/flute_sus_09"]},"block.note_block.flute_sus_09_8":{"sounds":["block\/note_block\/flute_sus_09"]},"block.note_block.bstr_sus_07_8":{"sounds":["block\/note_block\/bstr_sus_07"]},"block.note_block.flute_sus_09_3":{"sounds":["block\/note_block\/flute_sus_09"]},"block.note_block.bstr_sus_07_7":{"sounds":["block\/note_block\/bstr_sus_07"]},"block.note_block.flute_sus_09_2":{"sounds":["block\/note_block\/flute_sus_09"]},"block.note_block.flute_sus_09_1":{"sounds":["block\/note_block\/flute_sus_09"]},"block.note_block.bstr_sus_07_9":{"sounds":["block\/note_block\/bstr_sus_07"]},"block.note_block.bstr_sus_07_4":{"sounds":["block\/note_block\/bstr_sus_07"]},"block.note_block.bstr_sus_07_3":{"sounds":["block\/note_block\/bstr_sus_07"]},"block.note_block.bstr_sus_07_6":{"sounds":["block\/note_block\/bstr_sus_07"]},"block.note_block.bstr_sus_07_5":{"sounds":["block\/note_block\/bstr_sus_07"]},"block.note_block.titan_sus_13_8":{"sounds":["block\/note_block\/titan_sus_13"]},"block.note_block.titan_sus_13_7":{"sounds":["block\/note_block\/titan_sus_13"]},"block.note_block.bstr_sus_07_2":{"sounds":["block\/note_block\/bstr_sus_07"]},"block.note_block.bstr_sus_07_1":{"sounds":["block\/note_block\/bstr_sus_07"]},"block.note_block.titan_sus_13_9":{"sounds":["block\/note_block\/titan_sus_13"]},"block.note_block.flute_sus_09_15":{"sounds":["block\/note_block\/flute_sus_09"]},"block.note_block.titan_sus_13_4":{"sounds":["block\/note_block\/titan_sus_13"]},"block.note_block.titan_sus_13_3":{"sounds":["block\/note_block\/titan_sus_13"]},"block.note_block.titan_sus_13_6":{"sounds":["block\/note_block\/titan_sus_13"]},"block.note_block.titan_sus_13_5":{"sounds":["block\/note_block\/titan_sus_13"]},"block.note_block.titan_sus_02_11":{"sounds":["block\/note_block\/titan_sus_02"]},"block.note_block.titan_sus_02_10":{"sounds":["block\/note_block\/titan_sus_02"]},"block.note_block.titan_sus_13_2":{"sounds":["block\/note_block\/titan_sus_13"]},"block.note_block.titan_sus_13_1":{"sounds":["block\/note_block\/titan_sus_13"]},"block.note_block.flute_sus_09_10":{"sounds":["block\/note_block\/flute_sus_09"]},"block.note_block.flute_sus_09_11":{"sounds":["block\/note_block\/flute_sus_09"]},"block.note_block.flute_sus_09_12":{"sounds":["block\/note_block\/flute_sus_09"]},"block.note_block.flute_sus_09_13":{"sounds":["block\/note_block\/flute_sus_09"]},"block.note_block.flute_sus_09_14":{"sounds":["block\/note_block\/flute_sus_09"]},"block.note_block.noir_sus_07_1":{"sounds":["block\/note_block\/noir_sus_07"]},"block.note_block.noir_sus_04_12":{"sounds":["block\/note_block\/noir_sus_04"]},"block.note_block.noir_sus_04_13":{"sounds":["block\/note_block\/noir_sus_04"]},"block.note_block.noir_sus_04_10":{"sounds":["block\/note_block\/noir_sus_04"]},"block.note_block.noir_sus_04_11":{"sounds":["block\/note_block\/noir_sus_04"]},"block.note_block.titan_sus_02_8":{"sounds":["block\/note_block\/titan_sus_02"]},"block.note_block.titan_sus_02_7":{"sounds":["block\/note_block\/titan_sus_02"]},"block.note_block.titan_sus_02_9":{"sounds":["block\/note_block\/titan_sus_02"]},"block.note_block.noir_sus_07_2":{"sounds":["block\/note_block\/noir_sus_07"]},"block.note_block.titan_sus_02_4":{"sounds":["block\/note_block\/titan_sus_02"]},"block.note_block.noir_sus_07_3":{"sounds":["block\/note_block\/noir_sus_07"]},"block.note_block.titan_sus_02_3":{"sounds":["block\/note_block\/titan_sus_02"]},"block.note_block.noir_sus_07_4":{"sounds":["block\/note_block\/noir_sus_07"]},"block.note_block.titan_sus_02_6":{"sounds":["block\/note_block\/titan_sus_02"]},"block.note_block.noir_sus_07_5":{"sounds":["block\/note_block\/noir_sus_07"]},"block.note_block.titan_sus_02_5":{"sounds":["block\/note_block\/titan_sus_02"]},"block.note_block.noir_sus_07_6":{"sounds":["block\/note_block\/noir_sus_07"]},"block.note_block.noir_sus_07_7":{"sounds":["block\/note_block\/noir_sus_07"]},"block.note_block.noir_sus_04_14":{"sounds":["block\/note_block\/noir_sus_04"]},"block.note_block.noir_sus_07_8":{"sounds":["block\/note_block\/noir_sus_07"]},"block.note_block.titan_sus_02_2":{"sounds":["block\/note_block\/titan_sus_02"]},"block.note_block.noir_sus_04_15":{"sounds":["block\/note_block\/noir_sus_04"]},"block.note_block.noir_sus_07_9":{"sounds":["block\/note_block\/noir_sus_07"]},"block.note_block.titan_sus_02_1":{"sounds":["block\/note_block\/titan_sus_02"]},"block.note_block.noir_sus_10_2":{"sounds":["block\/note_block\/noir_sus_10"]},"block.note_block.noir_sus_10_3":{"sounds":["block\/note_block\/noir_sus_10"]},"block.note_block.noir_sus_10_4":{"sounds":["block\/note_block\/noir_sus_10"]},"block.note_block.noir_sus_10_5":{"sounds":["block\/note_block\/noir_sus_10"]},"block.note_block.noir_sus_10_6":{"sounds":["block\/note_block\/noir_sus_10"]},"block.note_block.titan_sus_04_14":{"sounds":["block\/note_block\/titan_sus_04"]},"block.note_block.noir_sus_10_7":{"sounds":["block\/note_block\/noir_sus_10"]},"block.note_block.titan_sus_04_15":{"sounds":["block\/note_block\/titan_sus_04"]},"block.note_block.noir_sus_10_8":{"sounds":["block\/note_block\/noir_sus_10"]},"block.note_block.noir_sus_10_9":{"sounds":["block\/note_block\/noir_sus_10"]},"block.note_block.noir_sus_10_12":{"sounds":["block\/note_block\/noir_sus_10"]},"block.note_block.noir_sus_10_11":{"sounds":["block\/note_block\/noir_sus_10"]},"block.note_block.noir_sus_10_10":{"sounds":["block\/note_block\/noir_sus_10"]},"block.note_block.noir_sus_10_15":{"sounds":["block\/note_block\/noir_sus_10"]},"block.note_block.noir_sus_10_14":{"sounds":["block\/note_block\/noir_sus_10"]},"block.note_block.noir_sus_10_1":{"sounds":["block\/note_block\/noir_sus_10"]},"block.note_block.noir_sus_10_13":{"sounds":["block\/note_block\/noir_sus_10"]},"block.note_block.titan_sus_04_10":{"sounds":["block\/note_block\/titan_sus_04"]},"block.note_block.titan_sus_04_11":{"sounds":["block\/note_block\/titan_sus_04"]},"block.note_block.titan_sus_04_12":{"sounds":["block\/note_block\/titan_sus_04"]},"block.note_block.titan_sus_04_13":{"sounds":["block\/note_block\/titan_sus_04"]},"block.note_block.bstr_sus_06_10":{"sounds":["block\/note_block\/bstr_sus_06"]},"block.note_block.bstr_sus_06_11":{"sounds":["block\/note_block\/bstr_sus_06"]},"block.note_block.bstr_sus_06_12":{"sounds":["block\/note_block\/bstr_sus_06"]},"block.note_block.bstr_sus_06_13":{"sounds":["block\/note_block\/bstr_sus_06"]},"block.note_block.bstr_sus_06_14":{"sounds":["block\/note_block\/bstr_sus_06"]},"block.note_block.bstr_sus_06_15":{"sounds":["block\/note_block\/bstr_sus_06"]},"block.note_block.titan_sus_09_9":{"sounds":["block\/note_block\/titan_sus_09"]},"block.note_block.titan_sus_09_8":{"sounds":["block\/note_block\/titan_sus_09"]},"block.note_block.titan_sus_09_5":{"sounds":["block\/note_block\/titan_sus_09"]},"block.note_block.titan_sus_09_4":{"sounds":["block\/note_block\/titan_sus_09"]},"block.note_block.titan_sus_09_7":{"sounds":["block\/note_block\/titan_sus_09"]},"block.note_block.titan_sus_09_6":{"sounds":["block\/note_block\/titan_sus_09"]},"block.note_block.noir_stac_01":{"sounds":["block\/note_block\/noir_stac_01"]},"block.note_block.titan_sus_09_1":{"sounds":["block\/note_block\/titan_sus_09"]},"block.note_block.noir_stac_03":{"sounds":["block\/note_block\/noir_stac_03"]},"block.note_block.titan_sus_09_3":{"sounds":["block\/note_block\/titan_sus_09"]},"block.note_block.noir_stac_02":{"sounds":["block\/note_block\/noir_stac_02"]},"block.note_block.titan_sus_09_2":{"sounds":["block\/note_block\/titan_sus_09"]},"block.note_block.noir_stac_05":{"sounds":["block\/note_block\/noir_stac_05"]},"block.note_block.noir_stac_04":{"sounds":["block\/note_block\/noir_stac_04"]},"block.note_block.noir_stac_07":{"sounds":["block\/note_block\/noir_stac_07"]},"block.note_block.noir_stac_06":{"sounds":["block\/note_block\/noir_stac_06"]},"block.note_block.noir_stac_09":{"sounds":["block\/note_block\/noir_stac_09"]},"block.note_block.noir_stac_08":{"sounds":["block\/note_block\/noir_stac_08"]},"block.note_block.bstr_sus_05_10":{"sounds":["block\/note_block\/bstr_sus_05"]},"block.note_block.titan_stac_06":{"sounds":["block\/note_block\/titan_stac_06"]},"block.note_block.bstr_sus_05_11":{"sounds":["block\/note_block\/bstr_sus_05"]},"block.note_block.titan_stac_07":{"sounds":["block\/note_block\/titan_stac_07"]},"block.note_block.bstr_sus_05_12":{"sounds":["block\/note_block\/bstr_sus_05"]},"block.note_block.titan_stac_04":{"sounds":["block\/note_block\/titan_stac_04"]},"block.note_block.bstr_sus_05_13":{"sounds":["block\/note_block\/bstr_sus_05"]},"block.note_block.titan_stac_05":{"sounds":["block\/note_block\/titan_stac_05"]},"block.note_block.bstr_sus_05_14":{"sounds":["block\/note_block\/bstr_sus_05"]},"block.note_block.bstr_sus_05_15":{"sounds":["block\/note_block\/bstr_sus_05"]},"block.note_block.titan_stac_08":{"sounds":["block\/note_block\/titan_stac_08"]},"block.note_block.titan_stac_09":{"sounds":["block\/note_block\/titan_stac_09"]},"block.note_block.noir_sus_03_11":{"sounds":["block\/note_block\/noir_sus_03"]},"block.note_block.noir_sus_03_12":{"sounds":["block\/note_block\/noir_sus_03"]},"block.note_block.titan_stac_10":{"sounds":["block\/note_block\/titan_stac_10"]},"block.note_block.noir_stac_10":{"sounds":["block\/note_block\/noir_stac_10"]},"block.note_block.noir_sus_03_10":{"sounds":["block\/note_block\/noir_sus_03"]},"block.note_block.noir_stac_12":{"sounds":["block\/note_block\/noir_stac_12"]},"block.note_block.titan_stac_13":{"sounds":["block\/note_block\/titan_stac_13"]},"block.note_block.noir_stac_11":{"sounds":["block\/note_block\/noir_stac_11"]},"block.note_block.titan_stac_11":{"sounds":["block\/note_block\/titan_stac_11"]},"block.note_block.noir_stac_13":{"sounds":["block\/note_block\/noir_stac_13"]},"block.note_block.titan_stac_12":{"sounds":["block\/note_block\/titan_stac_12"]},"block.note_block.noir_sus_03_15":{"sounds":["block\/note_block\/noir_sus_03"]},"block.note_block.noir_sus_03_13":{"sounds":["block\/note_block\/noir_sus_03"]},"block.note_block.noir_sus_03_14":{"sounds":["block\/note_block\/noir_sus_03"]},"block.note_block.titan_sus_03_15":{"sounds":["block\/note_block\/titan_sus_03"]},"block.note_block.titan_sus_03_14":{"sounds":["block\/note_block\/titan_sus_03"]},"block.note_block.titan_sus_03_13":{"sounds":["block\/note_block\/titan_sus_03"]},"block.note_block.noir_sus_11_13":{"sounds":["block\/note_block\/noir_sus_11"]},"block.note_block.noir_sus_11_12":{"sounds":["block\/note_block\/noir_sus_11"]},"block.note_block.noir_sus_11_11":{"sounds":["block\/note_block\/noir_sus_11"]},"block.note_block.noir_sus_11_10":{"sounds":["block\/note_block\/noir_sus_11"]},"block.note_block.titan_sus_08_9":{"sounds":["block\/note_block\/titan_sus_08"]},"block.note_block.noir_sus_11_15":{"sounds":["block\/note_block\/noir_sus_11"]},"block.note_block.noir_sus_11_14":{"sounds":["block\/note_block\/noir_sus_11"]},"block.note_block.titan_sus_08_6":{"sounds":["block\/note_block\/titan_sus_08"]},"block.note_block.titan_sus_08_5":{"sounds":["block\/note_block\/titan_sus_08"]},"block.note_block.titan_sus_08_8":{"sounds":["block\/note_block\/titan_sus_08"]},"block.note_block.titan_sus_08_7":{"sounds":["block\/note_block\/titan_sus_08"]},"block.note_block.titan_stac_02":{"sounds":["block\/note_block\/titan_stac_02"]},"block.note_block.titan_sus_08_2":{"sounds":["block\/note_block\/titan_sus_08"]},"block.note_block.titan_stac_03":{"sounds":["block\/note_block\/titan_stac_03"]},"block.note_block.titan_sus_08_1":{"sounds":["block\/note_block\/titan_sus_08"]},"block.note_block.titan_sus_08_4":{"sounds":["block\/note_block\/titan_sus_08"]},"block.note_block.titan_stac_01":{"sounds":["block\/note_block\/titan_stac_01"]},"block.note_block.titan_sus_08_3":{"sounds":["block\/note_block\/titan_sus_08"]},"block.note_block.titan_sus_03_12":{"sounds":["block\/note_block\/titan_sus_03"]},"block.note_block.titan_sus_03_11":{"sounds":["block\/note_block\/titan_sus_03"]},"block.note_block.titan_sus_03_10":{"sounds":["block\/note_block\/titan_sus_03"]},"block.note_block.flute_sus_12_10":{"sounds":["block\/note_block\/flute_sus_12"]},"block.note_block.flute_sus_06_9":{"sounds":["block\/note_block\/flute_sus_06"]},"block.note_block.flute_sus_06_8":{"sounds":["block\/note_block\/flute_sus_06"]},"block.note_block.flute_sus_06_7":{"sounds":["block\/note_block\/flute_sus_06"]},"block.note_block.flute_sus_12_14":{"sounds":["block\/note_block\/flute_sus_12"]},"block.note_block.flute_sus_12_13":{"sounds":["block\/note_block\/flute_sus_12"]},"block.note_block.bstr_sus_07_10":{"sounds":["block\/note_block\/bstr_sus_07"]},"block.note_block.flute_sus_12_12":{"sounds":["block\/note_block\/flute_sus_12"]},"block.note_block.bstr_sus_07_11":{"sounds":["block\/note_block\/bstr_sus_07"]},"block.note_block.flute_sus_12_11":{"sounds":["block\/note_block\/flute_sus_12"]},"block.note_block.bstr_sus_07_12":{"sounds":["block\/note_block\/bstr_sus_07"]},"block.note_block.flute_sus_06_2":{"sounds":["block\/note_block\/flute_sus_06"]},"block.note_block.bstr_sus_07_13":{"sounds":["block\/note_block\/bstr_sus_07"]},"block.note_block.flute_sus_06_1":{"sounds":["block\/note_block\/flute_sus_06"]},"block.note_block.bstr_sus_07_14":{"sounds":["block\/note_block\/bstr_sus_07"]},"block.note_block.bstr_sus_07_15":{"sounds":["block\/note_block\/bstr_sus_07"]},"block.note_block.flute_sus_12_15":{"sounds":["block\/note_block\/flute_sus_12"]},"block.note_block.flute_sus_06_6":{"sounds":["block\/note_block\/flute_sus_06"]},"block.note_block.flute_sus_06_5":{"sounds":["block\/note_block\/flute_sus_06"]},"block.note_block.flute_sus_06_4":{"sounds":["block\/note_block\/flute_sus_06"]},"block.note_block.flute_sus_06_3":{"sounds":["block\/note_block\/flute_sus_06"]},"block.note_block.titan_sus_05_15":{"sounds":["block\/note_block\/titan_sus_05"]},"block.note_block.noir_rel_01":{"sounds":["block\/note_block\/noir_rel_01"]},"block.note_block.noir_rel_02":{"sounds":["block\/note_block\/noir_rel_02"]},"block.note_block.titan_sus_07_7":{"sounds":["block\/note_block\/titan_sus_07"]},"block.note_block.noir_rel_03":{"sounds":["block\/note_block\/noir_rel_03"]},"block.note_block.titan_sus_07_6":{"sounds":["block\/note_block\/titan_sus_07"]},"block.note_block.noir_rel_04":{"sounds":["block\/note_block\/noir_rel_04"]},"block.note_block.noir_sus_02_11":{"sounds":["block\/note_block\/noir_sus_02"]},"block.note_block.titan_sus_07_9":{"sounds":["block\/note_block\/titan_sus_07"]},"block.note_block.noir_rel_05":{"sounds":["block\/note_block\/noir_rel_05"]},"block.note_block.noir_sus_02_10":{"sounds":["block\/note_block\/noir_sus_02"]},"block.note_block.titan_sus_07_8":{"sounds":["block\/note_block\/titan_sus_07"]},"block.note_block.noir_rel_06":{"sounds":["block\/note_block\/noir_rel_06"]},"block.note_block.titan_sus_07_3":{"sounds":["block\/note_block\/titan_sus_07"]},"block.note_block.noir_rel_07":{"sounds":["block\/note_block\/noir_rel_07"]},"block.note_block.titan_sus_07_2":{"sounds":["block\/note_block\/titan_sus_07"]},"block.note_block.noir_rel_08":{"sounds":["block\/note_block\/noir_rel_08"]},"block.note_block.titan_sus_07_5":{"sounds":["block\/note_block\/titan_sus_07"]},"block.note_block.noir_rel_09":{"sounds":["block\/note_block\/noir_rel_09"]},"block.note_block.titan_sus_07_4":{"sounds":["block\/note_block\/titan_sus_07"]},"block.note_block.titan_sus_05_11":{"sounds":["block\/note_block\/titan_sus_05"]},"block.note_block.titan_sus_05_12":{"sounds":["block\/note_block\/titan_sus_05"]},"block.note_block.titan_sus_05_13":{"sounds":["block\/note_block\/titan_sus_05"]},"block.note_block.titan_sus_07_1":{"sounds":["block\/note_block\/titan_sus_07"]},"block.note_block.titan_sus_05_14":{"sounds":["block\/note_block\/titan_sus_05"]},"block.note_block.noir_sus_02_13":{"sounds":["block\/note_block\/noir_sus_02"]},"block.note_block.noir_sus_02_12":{"sounds":["block\/note_block\/noir_sus_02"]},"block.note_block.noir_sus_02_15":{"sounds":["block\/note_block\/noir_sus_02"]},"block.note_block.noir_sus_02_14":{"sounds":["block\/note_block\/noir_sus_02"]},"block.note_block.titan_sus_05_10":{"sounds":["block\/note_block\/titan_sus_05"]},"block.note_block.noir_sus_12_10":{"sounds":["block\/note_block\/noir_sus_12"]},"block.note_block.noir_sus_12_15":{"sounds":["block\/note_block\/noir_sus_12"]},"block.note_block.noir_sus_12_11":{"sounds":["block\/note_block\/noir_sus_12"]},"block.note_block.noir_rel_10":{"sounds":["block\/note_block\/noir_rel_10"]},"block.note_block.noir_sus_12_12":{"sounds":["block\/note_block\/noir_sus_12"]},"block.note_block.noir_rel_11":{"sounds":["block\/note_block\/noir_rel_11"]},"block.note_block.noir_sus_12_13":{"sounds":["block\/note_block\/noir_sus_12"]},"block.note_block.noir_rel_12":{"sounds":["block\/note_block\/noir_rel_12"]},"block.note_block.noir_sus_12_14":{"sounds":["block\/note_block\/noir_sus_12"]},"block.note_block.noir_rel_13":{"sounds":["block\/note_block\/noir_rel_13"]},"block.note_block.titan_sus_06_8":{"sounds":["block\/note_block\/titan_sus_06"]},"block.note_block.titan_sus_06_7":{"sounds":["block\/note_block\/titan_sus_06"]},"block.note_block.titan_sus_06_9":{"sounds":["block\/note_block\/titan_sus_06"]},"block.note_block.titan_sus_06_4":{"sounds":["block\/note_block\/titan_sus_06"]},"block.note_block.titan_sus_06_3":{"sounds":["block\/note_block\/titan_sus_06"]},"block.note_block.titan_sus_06_6":{"sounds":["block\/note_block\/titan_sus_06"]},"block.note_block.titan_sus_06_5":{"sounds":["block\/note_block\/titan_sus_06"]},"block.note_block.titan_sus_06_2":{"sounds":["block\/note_block\/titan_sus_06"]},"block.note_block.titan_sus_06_1":{"sounds":["block\/note_block\/titan_sus_06"]}}
